{"global_step": 499712, "_timestamp": 1712925788.972298, "_runtime": 1123.8025228977203, "_step": 2148, "rollout/episodic_return": 500.0, "rollout/episodic_length": 500.0, "Charts/episode_step": 1172.0, "Charts/gradient_step": 39040.0, "hyperparameters/learning_rate": 0.0010000000474974513, "train/value_loss": 8.226606240668843e-08, "train/kl_divergence": 0.006408256012946367, "train/explained_variance": -0.7887750864028931, "train/is_line_search_success": 1.0, "train/surrogate_objective": 0.006253883242607117, "_wandb": {"runtime": 1122}}