{"video": {"_type": "video-file", "sha256": "93a72f84b27644a6216a60720a5a295441f041343eab0446cd47b401ecb21530", "size": 36063, "path": "media/videos/video_16_93a72f84b27644a6216a.mp4"}, "_timestamp": 1713878371.8925052, "_runtime": 122.97592616081238, "_step": 885, "global_step": 200079, "rollout/episodic_return": 297.0, "rollout/episodic_length": 297.0, "train/policy_loss": 10432.3388671875, "others/SPS": 1666.0, "Charts/gradient_step": 867.0, "Charts/episode_step": 868.0, "_wandb": {"runtime": 122}}