{"global_step": 419840, "_timestamp": 1712925609.710586, "_runtime": 944.5408110618591, "_step": 1832, "rollout/episodic_return": 500.0, "rollout/episodic_length": 500.0, "Charts/episode_step": 1012.0, "Charts/gradient_step": 32800.0, "hyperparameters/learning_rate": 0.0010000000474974513, "train/value_loss": 1.5244015685311751e-06, "train/kl_divergence": 0.0096967164427042, "train/explained_variance": -3.866891860961914, "train/is_line_search_success": 1.0, "train/surrogate_objective": 0.04863801598548889}