{"video": {"_type": "video-file", "sha256": "cd23bd9e250e26852d3505ae8a4ed74bd6d5e875b3911dedfeefef2449614637", "size": 2969, "path": "media/videos/video_3_cd23bd9e250e26852d35.mp4"}, "_timestamp": 1712922177.901647, "_runtime": 7.856827974319458, "_step": 770, "global_step": 11040, "train/value_loss": 3.8753864765167236, "train/policy_loss": 0.00688402634114027, "train/entropy": 0.5934354066848755, "train/explained_variance": 0.08252137899398804, "others/SPS": 2178.0, "Charts/gradient_step": 551.0, "Charts/episode_step": 259.0, "rollout/episodic_return": 33.0, "rollout/episodic_length": 33.0, "_wandb": {"runtime": 12}}