{"video": {"_type": "video-file", "sha256": "2d295dcd661c5b55e3eb5635624dae975fe22660ced4f133b761bc38e7c94b7e", "size": 44805, "path": "media/videos/video_14_2d295dcd661c5b55e3eb.mp4"}, "_timestamp": 1713879401.3123991, "_runtime": 119.98318123817444, "_step": 930, "global_step": 200225, "rollout/episodic_return": 256.0, "rollout/episodic_length": 256.0, "train/policy_loss": 8124.2421875, "others/SPS": 1710.0, "Charts/gradient_step": 914.0, "Charts/episode_step": 915.0, "_wandb": {"runtime": 119}}