{"video": {"_type": "video-file", "sha256": "bf6cbcf5eb0a9009b95cf4d011aeb7a1979925e24ac658d7dac15b86625685dc", "size": 38978, "path": "media/videos/video_14_bf6cbcf5eb0a9009b95c.mp4"}, "_timestamp": 1712922488.242451, "_runtime": 106.29668688774109, "_step": 16439, "global_step": 300000, "train/value_loss": 0.001105976291000843, "train/policy_loss": -0.05538123846054077, "train/entropy": 0.2784431576728821, "train/explained_variance": 0.9837320446968079, "others/SPS": 2893.0, "Charts/gradient_step": 15000.0, "Charts/episode_step": 1870.0, "rollout/episodic_return": 500.0, "rollout/episodic_length": 500.0, "_wandb": {"runtime": 105}}