{"video": {"_type": "video-file", "sha256": "bbf8a525d3b0f2c1b0b24aa46ccc247ad185f776e6b4acc7949817b5b998968c", "size": 5485, "path": "media/videos/video_3_bbf8a525d3b0f2c1b0b2.mp4"}, "_timestamp": 1712929289.029335, "_runtime": 29.513569116592407, "_step": 539, "global_step": 11100, "rollout/episodic_return": 18.0, "rollout/episodic_length": 18.0, "hyperparameters/epsilon": 0.7898600101470947, "Charts/episode_step": 439.0, "Charts/gradient_step": 1009.0, "train/td_loss": 6.143322467803955, "train/q_values": 16.44704246520996, "others/SPS": 430.0}