{"video": {"_type": "video-file", "sha256": "8e379e712e463f7d480eab8d8b5bcfaa8a3b66067039eed636074342f49de3b5", "size": 6001, "path": "media/videos/video_1_8e379e712e463f7d480e.mp4"}, "_timestamp": 1712929282.7111099, "_runtime": 14.45398497581482, "_step": 64, "global_step": 1654, "rollout/episodic_return": 55.0, "rollout/episodic_length": 55.0, "Charts/episode_step": 59.0, "Charts/gradient_step": 48.0, "hyperparameters/learning_rate": 0.002474359003826976, "train/value_loss": 216.63287353515625, "train/policy_loss": 0.022539526224136353, "train/entropy": 0.6288021802902222, "train/kl_divergence02": 0.02409861609339714, "train/kl_divergence": 0.011039133183658123, "train/clipfrac": 0.01123046875, "train/explained_variance": 0.004272341728210449, "others/EPS": 189.0}