{"video": {"_type": "video-file", "sha256": "ebab65d9123739882526726200c4a9af1dbfeb11fcf624f375fb2892be2ee58c", "size": 40760, "path": "media/videos/video_10_ebab65d9123739882526.mp4"}, "_timestamp": 1712922309.105856, "_runtime": 84.17946791648865, "_step": 17203, "global_step": 300000, "train/value_loss": 6.237279740162194e-05, "train/policy_loss": -0.09753312170505524, "train/entropy": 0.24385401606559753, "train/explained_variance": -0.13469839096069336, "others/SPS": 3698.0, "Charts/gradient_step": 15000.0, "Charts/episode_step": 2685.0, "rollout/episodic_return": 500.0, "rollout/episodic_length": 500.0, "_wandb": {"runtime": 82}}