{"video": {"_type": "video-file", "sha256": "43fbc9fc8cb5eb27a226ce2e180c0c9c16217bd8488dad36137ffaaca8515d88", "size": 39961, "path": "media/videos/video_6_43fbc9fc8cb5eb27a226.mp4"}, "_timestamp": 1712926149.42498, "_runtime": 46.19818902015686, "_step": 602, "global_step": 99840, "rollout/episodic_return": 500.0, "rollout/episodic_length": 500.0, "Charts/episode_step": 401.0, "Charts/gradient_step": 3120.0, "hyperparameters/learning_rate": 1.2820512893085834e-05, "train/value_loss": 1.4906010627746582, "train/policy_loss": 3.214925527572632e-06, "train/entropy": 0.5389506816864014, "train/kl_divergence02": 6.140442565083504e-05, "train/kl_divergence": 3.632158041000366e-08, "train/clipfrac": 0.0, "train/explained_variance": 0.016883552074432373, "others/EPS": 2307.0, "_wandb": {"runtime": 45}}