{"video": {"_type": "video-file", "sha256": "e6a28a3e7301ff81f4180c00b50861d017a45743bb001b576a0e5a6a55a95e4e", "size": 44107, "path": "media/videos/video_13_e6a28a3e7301ff81f418.mp4"}, "_timestamp": 1712921087.457721, "_runtime": 102.3407130241394, "_step": 16760, "global_step": 300000, "train/value_loss": 0.00020105198200326413, "train/policy_loss": -0.004221572075039148, "train/entropy": 0.22730238735675812, "train/explained_variance": 0.2879960536956787, "others/SPS": 3148.0, "Charts/gradient_step": 15000.0, "Charts/episode_step": 2182.0, "rollout/episodic_return": 500.0, "rollout/episodic_length": 500.0, "_wandb": {"runtime": 102}}