{"video": {"_type": "video-file", "sha256": "2141750ffcd567e153b540725c78e3e195d7c00cea913c8626cc0c495daddf80", "size": 26110, "path": "media/videos/video_6_2141750ffcd567e153b5.mp4"}, "_timestamp": 1712924600.8845708, "_runtime": 406.1272668838501, "_step": 457, "global_step": 50000, "rollout/episodic_return": -120.47356414794922, "rollout/episodic_length": 200.0, "Charts/episode_step": 250.0, "Charts/gradient_step": 20000.0, "train/q_loss": 1.8868186473846436, "train/policy_loss": 24.247159957885742, "train/q1_values": -24.42362403869629, "train/q2_values": -24.405986785888672, "other/SPS": 123.0, "_wandb": {"runtime": 405}}