{"global_step": 499712, "_timestamp": 1712925819.332032, "_runtime": 1134.2314500808716, "_step": 2076, "rollout/episodic_return": 500.0, "rollout/episodic_length": 500.0, "Charts/episode_step": 1100.0, "Charts/gradient_step": 39040.0, "hyperparameters/learning_rate": 0.0010000000474974513, "train/value_loss": 3.858305035464582e-07, "train/kl_divergence": 0.008071312680840492, "train/explained_variance": 0.8935092091560364, "train/is_line_search_success": 1.0, "train/surrogate_objective": 0.014142543077468872, "_wandb": {"runtime": 1133}}