{"video": {"_type": "video-file", "sha256": "895d93c4e74fad190951a2c3cdfc4219d6837ca64e40f0f8ee6639ed552056cb", "size": 34038, "path": "media/videos/video_3_895d93c4e74fad190951.mp4"}, "_timestamp": 1712926118.027759, "_runtime": 10.188359022140503, "_step": 108, "global_step": 4608, "rollout/episodic_return": 121.0, "rollout/episodic_length": 121.0, "Charts/episode_step": 95.0, "Charts/gradient_step": 144.0, "hyperparameters/learning_rate": 0.00027777778450399637, "train/value_loss": 91.98345184326172, "train/policy_loss": 0.0020617730915546417, "train/entropy": 0.6191352605819702, "train/kl_divergence02": -0.002623139414936304, "train/kl_divergence": 0.00016913190484046936, "train/clipfrac": 0.0, "train/explained_variance": 0.10243076086044312, "others/EPS": 779.0, "_wandb": {"runtime": 15}}