{"video": {"_type": "video-file", "sha256": "236c7f6e5f0e672ffa97f063bd5e9692dfe56072b5dd8642c976e2e50057fda0", "size": 43991, "path": "media/videos/video_19_236c7f6e5f0e672ffa97.mp4"}, "_timestamp": 1713861076.058437, "_runtime": 155.23220801353455, "_step": 813, "global_step": 200392, "rollout/episodic_return": 500.0, "rollout/episodic_length": 500.0, "train/policy_loss": 20342.916015625, "others/SPS": 1331.0, "Charts/gradient_step": 792.0, "Charts/episode_step": 793.0, "_wandb": {"runtime": 153}}