{"video": {"_type": "video-file", "sha256": "e4515ff62372349a043d45f3cf6224ced58546b002fbb2a9f0e7e15e12a4a31d", "size": 15138, "path": "media/videos/video_7_e4515ff62372349a043d.mp4"}, "_timestamp": 1712929292.043917, "_runtime": 40.18653202056885, "_step": 893, "global_step": 13500, "train/value_loss": 3.6596617698669434, "train/policy_loss": -0.026089299470186234, "train/entropy": 0.6039835214614868, "train/explained_variance": 0.004204392433166504, "others/SPS": 363.0, "Charts/gradient_step": 675.0, "Charts/episode_step": 264.0, "rollout/episodic_return": 79.0, "rollout/episodic_length": 79.0}