{"video": {"_type": "video-file", "sha256": "28cb4f1992b6f175b49d399e3e020beced35f17775ca81589887df1a1a2920a8", "size": 43702, "path": "media/videos/video_15_28cb4f1992b6f175b49d.mp4"}, "_timestamp": 1712927967.0647922, "_runtime": 115.38815212249756, "_step": 17257, "global_step": 300000, "train/value_loss": 0.0001846865488914773, "train/policy_loss": -0.06064184382557869, "train/entropy": 0.21898333728313446, "train/explained_variance": 0.7370740175247192, "others/SPS": 2852.0, "Charts/gradient_step": 15000.0, "Charts/episode_step": 2887.0, "rollout/episodic_return": 500.0, "rollout/episodic_length": 500.0, "_wandb": {"runtime": 114}}