{"video": {"_type": "video-file", "sha256": "8eeeb681abbb616bd0f28f2dac047d7191280c461599bc70fc5c5e7daaadb1a9", "size": 19908, "path": "media/videos/video_4_8eeeb681abbb616bd0f2.mp4"}, "_timestamp": 1712922591.617758, "_runtime": 31.817384958267212, "_step": 155, "global_step": 20000, "rollout/episodic_return": -242.90634155273438, "rollout/episodic_length": 200.0, "Charts/episode_step": 100.0, "Charts/gradient_step": 5000.0, "train/td_loss": 2.7183244228363037, "train/policy_loss": 81.3600082397461, "train/q_values": -82.76168060302734, "other/SPS": 688.0, "_wandb": {"runtime": 34}}