{"global_step": 344553, "_timestamp": 1712925608.783077, "_runtime": 923.6824951171875, "_step": 1462, "rollout/episodic_return": 500.0, "rollout/episodic_length": 500.0, "Charts/episode_step": 790.0, "Charts/gradient_step": 26880.0, "hyperparameters/learning_rate": 0.0010000000474974513, "train/value_loss": 0.001528034801594913, "train/kl_divergence": 0.008001016452908516, "train/explained_variance": 0.662331759929657, "train/is_line_search_success": 1.0, "train/surrogate_objective": 0.0058711618185043335}