{"video": {"_type": "video-file", "sha256": "0c88d0c5dc24d0fe9f1cf5d16971ca73c7e7eaa1f203c437393c78e7d13b32e0", "size": 29540, "path": "media/videos/video_3_0c88d0c5dc24d0fe9f1c.mp4"}, "_timestamp": 1715101569.290622, "_runtime": 13.017432928085327, "_step": 108, "global_step": 4608, "rollout/episodic_return": 121.0, "rollout/episodic_length": 121.0, "Charts/episode_step": 95.0, "Charts/gradient_step": 144.0, "hyperparameters/learning_rate": 0.00027777778450399637, "train/value_loss": 91.98345947265625, "train/policy_loss": 0.00206182524561882, "train/entropy": 0.6191352605819702, "train/kl_divergence02": -0.002623156411573291, "train/kl_divergence": 0.00016912748105823994, "train/clipfrac": 0.0, "train/explained_variance": 0.10243076086044312, "others/EPS": 507.0, "_wandb": {"runtime": 21}}