{"video": {"_type": "video-file", "sha256": "c45019baa0a5d89917232be25588c055c312f1366a472ec81758b5ed04720fe7", "size": 24638, "path": "media/videos/video_10_c45019baa0a5d8991723.mp4"}, "_timestamp": 1715005286.073518, "_runtime": 78.78336310386658, "_step": 1930, "global_step": 100000, "rollout/episodic_return": 276.0, "rollout/episodic_length": 276.0, "hyperparameters/epsilon": 0.05000000074505806, "Charts/episode_step": 939.0, "Charts/gradient_step": 9899.0, "train/td_loss": 0.1193830594420433, "train/q_values": 71.27860260009766, "others/SPS": 1344.0, "_wandb": {"runtime": 78}}