{"video": {"_type": "video-file", "sha256": "8e9ec9c2596357775c88625a7570e710e7e9d628c2d984942543ca212a9f6ad1", "size": 46221, "path": "media/videos/video_13_8e9ec9c2596357775c88.mp4"}, "_timestamp": 1713878707.410065, "_runtime": 106.61933088302612, "_step": 873, "global_step": 200212, "rollout/episodic_return": 335.0, "rollout/episodic_length": 335.0, "train/policy_loss": 13429.359375, "others/SPS": 1928.0, "Charts/gradient_step": 858.0, "Charts/episode_step": 859.0, "_wandb": {"runtime": 106}}