{"video": {"_type": "video-file", "sha256": "1b745c387a2ea6e280324c9aeea23e08ce9ce601820b5cb79edbd81d66e96c40", "size": 21128, "path": "media/videos/video_4_1b745c387a2ea6e28032.mp4"}, "_timestamp": 1712928154.550472, "_runtime": 31.791672945022583, "_step": 155, "global_step": 20000, "rollout/episodic_return": -242.90634155273438, "rollout/episodic_length": 200.0, "Charts/episode_step": 100.0, "Charts/gradient_step": 5000.0, "train/td_loss": 2.7183244228363037, "train/policy_loss": 81.3600082397461, "train/q_values": -82.76168060302734, "other/SPS": 690.0, "_wandb": {"runtime": 34}}