{"video": {"_type": "video-file", "sha256": "54c24b51f97afcc0deb61fc5abea5b8bbf24a184fb91b9b60278bdceafa381d0", "size": 21194, "path": "media/videos/video_10_54c24b51f97afcc0deb6.mp4"}, "_timestamp": 1712926165.7592828, "_runtime": 67.41620182991028, "_step": 1930, "global_step": 100000, "rollout/episodic_return": 276.0, "rollout/episodic_length": 276.0, "hyperparameters/epsilon": 0.05000000074505806, "Charts/episode_step": 939.0, "Charts/gradient_step": 9899.0, "train/td_loss": 0.1193830594420433, "train/q_values": 71.27860260009766, "others/SPS": 1557.0, "_wandb": {"runtime": 66}}