{"video": {"_type": "video-file", "sha256": "fd132162deafb641d75e1266f3f4b735069c221ea265e474a2e9053d791bb8a6", "size": 20819, "path": "media/videos/video_3_fd132162deafb641d75e.mp4"}, "_timestamp": 1712924124.773105, "_runtime": 560.0693190097809, "_step": 1453, "global_step": 99999, "rollout/episodic_return": -128.0025634765625, "rollout/episodic_length": 200.0, "Charts/episode_step": 499.0, "Charts/gradient_step": 94998.0, "train/q1_values": -13.286983489990234, "train/q2_values": -13.036971092224121, "train/q1_loss": 0.5129040479660034, "train/q2_loss": 0.6783589124679565, "train/q_loss": 0.59563148021698, "train/policy_loss": 13.367029190063477, "hyperparameters/alpha": 0.010476097464561462, "others/SPS": 179.0, "losses/alpha_loss": -0.480106920003891, "_wandb": {"runtime": 558}}