{"video": {"_type": "video-file", "sha256": "c1d0f4a6bc2f62784d95cf5e0a8aef050c2e3ca1de921dd77349b4d46097d7f8", "size": 11512, "path": "media/videos/video_6_c1d0f4a6bc2f62784d95.mp4"}, "_timestamp": 1712929286.4498858, "_runtime": 33.98377990722656, "_step": 1150, "global_step": 17800, "train/value_loss": 2.948920726776123, "train/policy_loss": -0.044616084545850754, "train/entropy": 0.5286353826522827, "train/explained_variance": -0.003275752067565918, "others/SPS": 570.0, "Charts/gradient_step": 890.0, "Charts/episode_step": 339.0, "rollout/episodic_return": 60.0, "rollout/episodic_length": 60.0}