{"video": {"_type": "video-file", "sha256": "c455ae8fc1c194dc96b4c4e99ca76c67a62b557a794dc4ad3afa49a85af52eb7", "size": 47280, "path": "media/videos/video_21_c455ae8fc1c194dc96b4.mp4"}, "_timestamp": 1713879605.499191, "_runtime": 131.45456409454346, "_step": 906, "global_step": 200162, "rollout/episodic_return": 257.0, "rollout/episodic_length": 257.0, "train/policy_loss": 8215.3994140625, "others/SPS": 1562.0, "Charts/gradient_step": 883.0, "Charts/episode_step": 884.0, "_wandb": {"runtime": 130}}