{"video": {"_type": "video-file", "sha256": "c2ba10f59cf030353d7ce013f01f622166b2c439db198f207fe951e7b4b29654", "size": 13311, "path": "media/videos/video_1_c2ba10f59cf030353d7c.mp4"}, "_timestamp": 1712929290.09183, "_runtime": 16.020148992538452, "_step": 86, "global_step": 2849, "rollout/episodic_return": 43.0, "rollout/episodic_length": 43.0, "Charts/episode_step": 79.0, "Charts/gradient_step": 80.0, "hyperparameters/learning_rate": 0.0013888889225199819, "train/value_loss": 68.93170928955078, "train/policy_loss": 0.014961421489715576, "train/entropy": 0.627362847328186, "train/kl_divergence02": -0.008169342763721943, "train/kl_divergence": 0.006685897707939148, "train/clipfrac": 0.01220703125, "train/explained_variance": 0.002570927143096924, "others/EPS": 380.0}